player,outsFactor,runsFactor,baseFactor,mSHS
riosa002,0.0033913675996863797,0.003809794247447331,0.15681048231597478,0.15722890896373573
zobrb001,0.003502838735274957,0.0038334575657544535,0.13872425514964112,0.13905487398012062
willj004,0.0026318524046591235,0.0037861309291401983,0.13725650121371186,0.13841077973819294
alvap001,0.002548721388287981,0.00338385451791905,0.13372109064427587,0.13455622377390694
betay001,0.0026790859366881818,0.002934251470083654,0.13357445568270424,0.1338296212160997
fielp001,0.0035519616085851777,0.00527691998248913,0.12642535469563337,0.12815031306953734
longe001,0.002932257668363934,0.004342218909357661,0.12640004030478735,0.1278100015457811
lonej001,0.0030852943121380825,0.003301032903844112,0.125339028172582,0.12555476676428803
suzui001,0.003548182926022853,0.0022953418757912405,0.11964215650677722,0.1183893154565456
swisn001,0.003329019337408023,0.004141080703747086,0.11728272432268745,0.11809478568902651
mornj001,0.0024296928875747544,0.002969746447544341,0.11703270617253053,0.11757275973250012
gorda001,0.0030040526370481023,0.0032063796306156063,0.11724675268195331,0.11744907967552082
cabra002,0.003049396827795998,0.0031235580165406636,0.11614510253599665,0.11621926372474131
gonzc001,0.0026885326430939934,0.00449603047835398,0.10688850545667118,0.10869600329193117
morsm001,0.002157627743087379,0.002792271560240894,0.10712477976200702,0.10775942357916053
heywj001,0.0027678849769028112,0.0029934097658514684,0.1054913269473639,0.10571685173631257
ellim001,0.0026318524046591235,0.002153361965948482,0.10391908447921,0.10344059404049936
brucj001,0.0033554701153442955,0.00462617872904317,0.09962969075831238,0.10090039937201126
plout001,0.0018364397252897834,0.0017274222364202121,0.09375429408026323,0.09364527659139366
arenj001,0.0019762509800957955,0.002425490126480436,0.0926799647057201,0.09312920385210474
scutm001,0.0031363065267294653,0.0027449449236266396,0.09073146865059444,0.09034010704749161
polap001,0.0025676148010996044,0.001881233805416531,0.09059846187488312,0.08991208087920004
mcgec001,0.002225644029209223,0.002638459991244575,0.0875542181437907,0.08796703410582606
infao001,0.003066400899326459,0.0025201433997089433,0.08735485816425508,0.08680860066463755
kipnj001,0.001887451939881166,0.0022006886025627364,0.08627414324611579,0.08658737990879736
ethia001,0.0029303683270827715,0.003573161064376062,0.08555871486551045,0.08620150760280373
gutif001,0.0017797594868549135,0.0015499473491167647,0.08427555604083146,0.08404574390309331
vottj001,0.002934147009645096,0.004330387250204097,0.07961661526790187,0.08101285550846087
lee-c001,0.0025449427057256564,0.0032537062672298583,0.07625004508406491,0.07695880864556912
reynm001,0.0030323927562655372,0.0037624676108330727,0.07447858226646832,0.07520865712103586
morgn001,0.0017740914630114263,0.0009701960505921758,0.07213883778150565,0.0713349423690864
murpd005,0.002543053364444494,0.0027804399010873306,0.07018817779704446,0.0704255643336873
betew001,0.0013867765003731489,0.0015381156899632019,0.06985766507490065,0.0700090042644907
calla001,0.0028680200648044146,0.0025911333546303197,0.06762077450067405,0.06734388779049996
freed001,0.0024882624672907866,0.0032418746080762925,0.06614410004294566,0.06689771218373117
getzc001,0.0015398131441472977,0.0009820277097457389,0.06663941951812154,0.06608163408371998
cabrm001,0.0032874538292224516,0.006554739171073937,0.06207744390006623,0.06534472924191771
sancg001,0.002554389412131468,0.0028395981968551472,0.06269628940898032,0.06298149819370401
jeted001,0.002892581501459525,0.0024964800814018164,0.06279115177092542,0.06239505035086772
kinsi001,0.0033913675996863797,0.003573161064376063,0.06156460691123781,0.06174640037592749
moliy001,0.003019167367297401,0.003821625906600888,0.06063143386842836,0.06143389240773185
poseb001,0.0024183568398877804,0.0034193494953797436,0.059518545116518634,0.0605195377720106
mousm001,0.0020556033139046133,0.0017629172138809,0.059543824483323966,0.059251138383300254
uribj002,0.002208639957678762,0.002425490126480434,0.058418320543290374,0.058635170712092045
lucrj001,0.0023144430694238523,0.002780439901087332,0.05790545421093189,0.05837145104259537
butlb003,0.0034083716712168407,0.004460535500893292,0.05695451851582111,0.058006682345497565
overl001,0.002253984148426658,0.0022125202617163005,0.056761822676529315,0.05672035878981896
sandp001,0.0029020282078653366,0.0036086560418367524,0.05591899283687334,0.056625620670844756
boesb001,0.0020234845121248537,0.002295341875791242,0.056137175529538175,0.056409032893204564
kotcc001,0.002134955647713431,0.0019522237603379086,0.056526107865264213,0.05634337597788869
wietm001,0.003030503414984375,0.00349033945030112,0.053976011940648445,0.05443584797596519
hilla001,0.0029417043747697455,0.0031235580165406614,0.053223169742918214,0.05340502338468913
turnj001,0.0011959530309757537,0.0010648493238206802,0.05258762988385758,0.05245652617670251
morrl001,0.0019195707416609256,0.0020350453744128506,0.05183672982428729,0.051952204457039214
descd001,0.0017249685897012057,0.0013606408026597564,0.05218896942468326,0.05182464163764181
ramia001,0.0027225407861549153,0.003987269134750767,0.05050227971587681,0.05176700806447267
denoc001,0.0020348205598118277,0.0017274222364202113,0.05121100591096751,0.05090360758757589
ankir001,0.0013395429683440907,0.001183165915356311,0.05055500698743614,0.05039862993444836
linda001,0.0027452128815288633,0.0033010329038441074,0.04940068777383798,0.049956507796153224
shopk001,0.0011487194989466955,0.0009938593688993017,0.04983942000396953,0.04968455987392213
bloow001,0.001443456738808019,0.0009938593688993019,0.05000038228004411,0.04955078491013539
bartj001,0.001738193978669342,0.0011476709378956216,0.04961469372932833,0.04902417068855461
victs001,0.003255335027442692,0.0032537062672298575,0.048982460308984135,0.0489808315487713
berkl001,0.00189878798756814,0.0025674700363231924,0.047308408291895566,0.04797709034065062
cabrm002,0.0026885326430939934,0.0027804399010873315,0.04759527290093779,0.04768718015893113
ackld001,0.0019290174480667375,0.0014434624167346975,0.0477589881967544,0.04727343316542236
jacka001,0.0034593838858082235,0.002662123309551699,0.047866106209759354,0.04706884563350283
mccua001,0.0032251055669440948,0.003975437475597208,0.04535077601530959,0.0461011079239627
bogub001,0.0010334696807957934,0.0007808895041351657,0.04629483171000638,0.046042251533345756
cantj001,0.0009862361487667352,0.000899206095670797,0.04574682448515731,0.04565979443206137
penac001,0.00272631946871724,0.003170884653154915,0.04466430105458609,0.045108866239023764
jonea003,0.003495281370150308,0.004318555591050534,0.04424846662168087,0.045071740842581094
heltt001,0.002163295766930866,0.0024728167630946904,0.044680849498235586,0.04499037049439941
youne003,0.0015605958982400831,0.0008163844815958551,0.045377132274694365,0.04463292085805014
joycm001,0.0022823242676440927,0.002839598196855146,0.04405928120736212,0.04461655513657317
paulr001,0.0009012157911144305,0.0007572261858280393,0.043682284256940984,0.04353829465165459
mathj001,0.001466128834181967,0.0011831659153563104,0.043137040525590954,0.042854077606765295
thomj002,0.001088260577949501,0.0016327689631917073,0.04204401664642374,0.04258852503166594
hallb001,0.0008048593857751518,0.0007690578449816024,0.04238774094028891,0.04235193939949536
rosaa001,0.0008653183067723464,0.0007572261858280393,0.04217311416735113,0.04206502204640682
kubej002,0.002473147737041488,0.0033365278813047975,0.04079674483417382,0.04166012497843713
goldp001,0.0018307717014462964,0.002934251470083652,0.03950316623142725,0.040606646000064604
nadyx001,0.001048584411045092,0.0010056910280528651,0.040056653283586874,0.04001375990059465
bourp001,0.0015435918267096224,0.0011713342562027474,0.039214117626519995,0.038841860056013124
uptob001,0.003204322812851309,0.003052568061619284,0.03886804928501945,0.03871629453378742
martr004,0.0025902868964735523,0.0026029650137838842,0.038644795822097684,0.038657473939408014
beckg001,0.00278299970715211,0.002188856943409173,0.03905430535476431,0.03846016259102138
coghc001,0.0013489896747499025,0.0009228694139779232,0.03844605612539773,0.03801993586462575
montj003,0.001001350879016034,0.0011003443012813695,0.03784363752337575,0.037942630945641084
konep001,0.0029946059306422907,0.004235733976975597,0.03652460785774577,0.03776573590407908
fulds001,0.0009465599818623264,0.0006507412534459712,0.03803697361543067,0.037741154887014315
rossc001,0.0025921762377547146,0.003017073084158594,0.036562383462315634,0.03698728030871951
uptoj001,0.003243998979755718,0.0036678143376045686,0.035258218561010954,0.0356820339188598
beltb001,0.0016418375733300635,0.00179841219134159,0.034895151215576535,0.03505172583358806
rivej001,0.0018137676299158352,0.0021651936251020462,0.03452555759255511,0.03487698358774132
johnk003,0.0029832698829553167,0.0028514298560087087,0.03487910938333639,0.03474726935638978
janip001,0.0011562768640713448,0.0007808895041351658,0.03467419955813304,0.03429881219819687
saunm001,0.0020744967267162366,0.0017510855547273375,0.03421336735281476,0.03388995618082586
bonie001,0.0020272631946871783,0.0011003443012813693,0.03452926434777729,0.033602345454371484
figgc001,0.0016739563751098229,0.0008163844815958552,0.03396016210826972,0.033102590214755756
walkn001,0.0029247003032392845,0.003289201244690548,0.03256000354941291,0.03292450449086417
trumm001,0.0025279386341951955,0.0035021711094546785,0.03074911601086406,0.03172334848612354
barnb002,0.0007557365124649312,0.0006389095942924081,0.03183144626759976,0.03171461934942724
venaw001,0.0024126888160442934,0.0023663318307126217,0.03161912914399326,0.03157277215866158
encae001,0.0027697743181839735,0.004034595771365021,0.029685621770079208,0.030950443223260255
montm001,0.0025222706103517085,0.003194547971462041,0.029864240796834404,0.030536518157944736
rodri001,0.0008086380683374764,0.0008992060956707967,0.029979896071734784,0.030070464099068103
craia001,0.0019422428370348735,0.0032300429489227323,0.028480659216560275,0.029768459328448134
kouzk001,0.0011846169832887797,0.0013133141660455038,0.029413800459291668,0.02954249764204839
belta001,0.0032628923925673414,0.00511127675433925,0.02686156134406269,0.0287099457058346
huffa001,0.0017986528996665366,0.002011382056105724,0.02796795116480566,0.028180680321244846
rizza001,0.0016002720651444923,0.0017155905772666482,0.027102948325709475,0.027218266837831632
altuj001,0.0020744967267162366,0.0013488091435061942,0.027706853599707187,0.026981166016497145
jackc002,0.0008445355526795606,0.0007335628675209133,0.02625264355840747,0.026141670873248823
hollm001,0.0033101259245963996,0.004945633526189374,0.02443730478740816,0.026072812389001134
keppj001,0.002478815760884975,0.0021533619659484843,0.02632084740227694,0.025995393607340447
rosaw001,0.0012828627299092208,0.0019403921011843473,0.025330949249481455,0.02598847862075658
fukuk001,0.0013641044049992012,0.001029354346359991,0.02603696831233201,0.025702218253692802
gonza002,0.002076386067997399,0.002153361965948483,0.025466108035856003,0.02554308393380709
camem001,0.0006140359163777565,0.0005205930027567769,0.025217760335655984,0.025124317422035004
reveb001,0.0018288823601651338,0.0010175226872064281,0.025782460681776698,0.02497110100881799
sotog001,0.0018572224793825687,0.0020823720110271053,0.02433114116426275,0.024556290695907285
schus001,0.0021481810366815674,0.0017865805321880261,0.024595069081312034,0.024233468576818493
presa001,0.0011090433320422866,0.0007453945266744763,0.024527416553381854,0.024163767748014042
ellsj001,0.0023106643868615277,0.002354500171559057,0.02391064447800779,0.02395448026270532
cozaz001,0.0017892061932607251,0.0012778191885848146,0.02438143533083006,0.02387004832615415
martj006,0.0013471003334687402,0.0015854423265774546,0.023574121979771434,0.023812463972880147
maiem001,0.0007821872904012039,0.0006862362309066607,0.02379124513314321,0.02369529407364867
cirip001,0.0005970318448472957,0.000437771388681835,0.023471419032846844,0.023312158576681383
gomec002,0.0021897465448671386,0.0021415303067949198,0.02319071872139517,0.02314250248332295
wiggt001,0.00203670990109299,0.0020942036701806664,0.022660611538635366,0.022718105307723044
blakc001,0.0010807032128248518,0.0011121759604349325,0.022604810319477493,0.02263628306708757
greet004,0.0008558716003665346,0.0006507412534459714,0.022508791433714044,0.02230366108679348
headc001,0.003024835391140888,0.003312864562997673,0.02190381992219514,0.022191849094051926
lewif001,0.0009352239341753525,0.0006625729125995344,0.021978128834028728,0.021705477812452908
peres002,0.001313092190407818,0.0016682639406523962,0.021337612123839528,0.021692783874084107
ibanr001,0.0029473723986132325,0.0037151409742188237,0.020828243111641956,0.02159601168724755
reimn001,0.0008766543544593202,0.0009938593688993017,0.021335164518137703,0.021452369532577686
rabur001,0.001834550384008621,0.0022835102166376773,0.020737148173842417,0.02118610800647147
fontm001,0.0008426462113983983,0.0006152462759852819,0.021049620593617122,0.020822220658204008
donaj001,0.0013319856032194414,0.0016446006223452706,0.02044801187962415,0.020760626898749978
mcdod002,0.0009106624975202423,0.0008755427773636705,0.02077428479406052,0.020739165073903946
saltj001,0.0018496651142579197,0.002319005194098367,0.019992898958893116,0.020462239038733565
zimmr001,0.002996495271923453,0.003845289224908014,0.019610023777333743,0.020458817730318303
laroa001,0.002697979349499805,0.003348359540458362,0.019794174836816437,0.020444555027774994
seagk001,0.002025373853406016,0.002046877033566415,0.0203680267941296,0.02038952997429
castj006,0.0012979774601585194,0.0011949975745098736,0.020440025776700208,0.020337045891051564
giamj001,0.0009144411800825668,0.0013251458251990673,0.019421322115862318,0.019832026760978817
guerv001,0.001749530026356316,0.0022835102166376786,0.019008456483992926,0.01954243667427429
barar001,0.0014358993736833694,0.0015972739857310185,0.0192024687018807,0.019363843313928347
roles001,0.0015568172156777585,0.001975887078645035,0.018870861193851028,0.019289931056818303
hannj001,0.0011392727925408838,0.0009938593688993019,0.019298142379286173,0.019152728955644592
gonza003,0.003478277298619847,0.005336078278256945,0.016841459886452376,0.018699260866089473
burrp001,0.0008955477672709436,0.0011358392787420583,0.018244520378147888,0.018484811889619004
guzmj005,0.0012091784199438902,0.001514452371656077,0.01781907827693883,0.018124352228651018
carpm001,0.001052363093607417,0.0013133141660455045,0.017819628611669733,0.018080579684107822
aybaw001,0.0004175444231368744,0.0005442563210639031,0.017903623681966976,0.018030335579894006
varij001,0.0005157901697573154,0.0006507412534459711,0.01765133098126445,0.017786282064953106
posaj001,0.0011543875227901824,0.0012659875294312524,0.017460699643084568,0.017572299649725637
younm003,0.003708776934921651,0.004117417385439965,0.01671431594114422,0.01712295639166253
maxwj002,0.00099001483132906,0.001124007619588495,0.01679371027172438,0.016927703059983815
chisl001,0.0009390026167376772,0.0008873744365172336,0.016972103275079056,0.01692047509485861
doumr001,0.00236923396657756,0.002496480081401817,0.016530180990090897,0.016657427104915155
guilj001,0.0007784086078388791,0.000934701073131486,0.016376400000609293,0.0165326924659019
fowld001,0.0025751721662242537,0.00217702528425561,0.01667671606183207,0.016278569179863426
cespy001,0.0014944689533994016,0.0021060353293342314,0.015637655591753577,0.016249221967688406
florp001,0.0008577609416476969,0.0006862362309066607,0.016404046738202536,0.0162325220274615
maybj001,0.0015681532633647324,0.0017392538955737747,0.016056973118879422,0.016228073751088465
milea001,0.0008577609416476969,0.0006625729125995345,0.016319654523580075,0.016124466494531912
chave001,0.0011770596181641304,0.0014316307575811353,0.01576857970899746,0.016023150848414464
browd004,0.0013565470398745516,0.001691927258959522,0.01556400553278333,0.0158993857518683
branr001,0.0007765192665577169,0.0008755427773636703,0.015503243736404044,0.015602267247209997
lee-d002,0.0014925796121182393,0.0016919272589595222,0.01519404261452003,0.015393390261361313
guzmc001,0.0005403516064124258,0.0003194547971462039,0.015487342638556188,0.015266445829289967
robit001,0.0004402165185108224,0.00034311811545333017,0.014380262881791681,0.014283164478734189
teixm001,0.0026715285715635325,0.0038926158615222653,0.012927424218953825,0.014148511508912559
ramim002,0.00039865101032525115,0.0005442563210639031,0.013965063688603896,0.014110668999342548
wrigd002,0.002824565215337681,0.0038571208840615786,0.012939688707253243,0.01397224437597714
custj001,0.0008539822590853724,0.00091103775482436,0.013882165561563799,0.013939221057302787
carre001,0.000559245019224049,0.0003194547971462039,0.014096029016712015,0.013856238794634169
forsl001,0.0010372483633581183,0.0007335628675209133,0.013591672432145967,0.013287986936308763
schaj002,0.0012639693170975977,0.0007453945266744763,0.013649577178632117,0.013131002388208995
bellr002,0.0002550610729569141,0.00028395981968551453,0.012945501338711434,0.012974400085440034
tulot001,0.0022974389978933914,0.0037861309291401996,0.011409382582864083,0.012898074514110892
kendh001,0.0031476425744164393,0.0031945479714620426,0.012757316979416039,0.012804222376461642
kempm001,0.0026601925238765585,0.003880784202368704,0.011498292706831828,0.012718884385323974
duncs001,0.0011430514751032085,0.0015026207125025139,0.012266294241466502,0.012625863478865807
kendj001,0.0006744948373749512,0.00046143470698896134,0.012821480672924466,0.012608420542538476
peraj001,0.0031193024551990044,0.003726972633372382,0.011955964156223972,0.01256363433439735
casts001,0.003466941250932873,0.0028869248334694015,0.013073281010500527,0.012493264593037056
mccab002,0.0026205163569721496,0.0033956861770726133,0.011572227433055372,0.012347397253155836
napom001,0.002628073722096799,0.0037624676108330675,0.01117162507216801,0.012306018960904278
sogae001,0.0008407568701172361,0.0005797512985245926,0.012041111453386205,0.011780105881793563
yound003,0.0029927165893611283,0.003726972633372385,0.010814033214540913,0.01154828925855217
mcdoj003,0.0009975721964537092,0.0008873744365172338,0.011610470502683016,0.01150027274274654
ariaj001,0.0010051295615783587,0.0008755427773636706,0.011549582193622062,0.011419995409407375
aybae001,0.0031476425744164393,0.0024018268081733097,0.012118032289628019,0.011372216523384888
hardj003,0.003213769519257121,0.0032300429489227306,0.011166266142034276,0.011182539571699885
rollj001,0.0031892080826020105,0.002756776582780205,0.011541218298587461,0.011108786798765655
marta004,0.0002493930491134272,0.00022480152391769894,0.01091109045890286,0.010886498933707132
buckt001,0.0004080977167310628,0.0003549497746068933,0.010843534322080411,0.01079038637995624
wilsj003,0.0007651832188707428,0.0004141080703747089,0.01103690343006022,0.010685828281564187
teahm001,0.0005989211861284579,0.0004732663661425245,0.0107070508358705,0.010581396015884568
pears001,0.0006140359163777565,0.0006625729125995344,0.010283856530526712,0.01033239352674849
wellc001,0.0010221336331088196,0.001041186005513554,0.010247355080793686,0.01026640745319842
drews001,0.002478815760884975,0.002579301695476757,0.010135556826554709,0.01023604276114649
brigr001,0.0010391377046392804,0.0008282161407494181,0.010245651820175337,0.010034730256285474
evera001,0.0002267209537394792,5.915829576781552e-05,0.010129892170702542,0.009962329512730878
gomej001,0.0021651851082120283,0.0028987564926229647,0.009202160571193364,0.0099357319556043
stubd001,0.0030626222167641345,0.002555638377169629,0.010409859396316255,0.009902875556721749
parmc001,0.0008369781875549113,0.00072173120836735,0.009983074865558167,0.009867827886370605
younc004,0.0027452128815288633,0.003088063039079972,0.009494916388321254,0.009837766545872362
lawrb002,0.0014869115882747523,0.001514452371656076,0.009726047108859819,0.009753587892241143
cabre001,0.0014888009295559149,0.000993859368899302,0.010142182187964685,0.009647240627308071
pennc001,0.0025695041423807667,0.0019640554194914716,0.010228899793187727,0.009623451070298432
powel001,0.00035708550213967987,0.00020113820561057274,0.009765142929543896,0.009609195633014789
dejed001,0.0024863731260096242,0.002153361965948484,0.00989798833520949,0.00956497717514835
cowgc001,0.0005025647807891791,0.00044960304783539805,0.009534318245047732,0.00948135651209395
counc001,0.0005743597494733476,0.0004141080703747088,0.009546259466077418,0.009386007786978779
suzuk001,0.0025468320470068188,0.002449153444787562,0.009131628292017786,0.00903394968979853
willr004,0.0002758438270496998,0.00010648493238206793,0.009187510956639614,0.009018152061971983
damoj001,0.001927128106785575,0.0018694021462629686,0.008917359435551244,0.008859633475028638
spilr001,0.0008105274096186387,0.0007572261858280394,0.008743653107055481,0.008690351883264882
castw002,0.0008502035765230476,0.0007690578449816026,0.008751124400316699,0.008669978668775254
morem001,0.002185967862304814,0.002389995149019746,0.008430432315834216,0.008634459602549148
rente001,0.0008615396242100216,0.0007808895041351657,0.008684972647382046,0.00860432252730719
hafnt001,0.0017740914630114263,0.0022835102166376777,0.00802367537366001,0.008533094127286261
wellv001,0.0026242950395344742,0.002839598196855145,0.008273798301199332,0.008489101458520002
bradm001,0.0005271262174442894,0.0005087613436032139,0.008500310146104867,0.00848194527226379
sizes001,0.0007878553142446908,0.0008518794590565442,0.008326542373593286,0.008390566518405139
wallb001,0.0014472354213703436,0.001289650847738378,0.008276351707374759,0.008118767133742794
barmc001,0.0024429182765428907,0.0019640554194914725,0.008535530696667317,0.0080566678396159
snidt001,0.0013546576985933893,0.001289650847738378,0.008080021257097858,0.008015014406242848
pachj001,0.0011600555466336694,0.001124007619588495,0.007920152969130493,0.007884105042085318
shucj001,0.0007557365124649312,0.0005205930027567769,0.008036403179034151,0.007801259669325997
teagt001,0.00035897484342084225,0.00027212816053195145,0.007781185888210373,0.007694339205321482
lugoj001,0.00043454849466733535,0.00029579147883907766,0.007662329406378225,0.0075235723905499674
flowt001,0.0008313101637114243,0.0006507412534459712,0.00767717921811385,0.007496610307848397
schin001,0.0018534437968202443,0.0017984121913415887,0.007545685192177053,0.007490653586698397
bellj004,0.0004307698121050107,0.00028395981968551453,0.007592793386582868,0.007445983394163372
norrd001,0.0007387324409344703,0.0007927211632887288,0.007366152850310293,0.007420141572664551
scotl001,0.0018156569711969975,0.0022480152391769876,0.006714130715380081,0.007146488983360072
cruzl001,0.0007236177106851716,0.0006507412534459712,0.00719170706643935,0.00711883060920015
sizeg001,0.0006064785512531073,0.00053242466191034,0.0068948020745890895,0.006820748185246322
nelsc001,0.0011147113558857735,0.0011476709378956216,0.0067784319721786,0.006811391554188449
molij001,0.001352768357312227,0.0009701960505921756,0.007129395900963541,0.006746823594243489
wilsj002,0.0007273963932474964,0.0003904447520675826,0.006824962085543347,0.006488010444363433
tejar001,0.0017778701455737512,0.0010766809829742432,0.006899977430587033,0.006198788267987525
tholj001,0.0015095836836487005,0.0010766809829742432,0.0065840976800734564,0.006151194979398999
grosg002,0.0003363027480468943,0.00029579147883907766,0.006112850923860586,0.006072339654652769
dysoj001,0.0009144411800825668,0.00042593972952827196,0.006361654444487597,0.005873152993933302
hawpb001,0.0007935233380881778,0.0008045528224422918,0.005674646197887685,0.005685675682241799
ramow001,0.001237518539161325,0.0015972739857310176,0.005215852347188974,0.005575607793758666
hairs001,0.0014434567388080187,0.0017865805321880261,0.0051451481823741145,0.005488271975754122
franb001,0.0010126869267030078,0.0009938593688993017,0.0053821728055951645,0.005363345247791459
valdw001,0.0012412972217236496,0.001005691028052865,0.0054852412680938415,0.005249635074423057
kawam001,0.0005573556779428868,0.00040227641122114575,0.00539947588466947,0.00524439661794773
lopej003,0.0016040507477068167,0.0013133141660455047,0.0054500415332744585,0.005159304951613147
andir001,0.0015246984138979989,0.0009228694139779229,0.005736441969773368,0.005134612969853292
harrb001,0.0003438601131715436,0.00020113820561057274,0.005112742584461942,0.004970020676900971
herrj002,0.0013943338654977982,0.0007690578449816024,0.005593536929689814,0.004968260909173619
gimec001,0.0003457494544527059,0.0002721281605319514,0.004964985921069086,0.004891364627148332
mossb001,0.0011203793797292605,0.0017629172138809005,0.004207673612647202,0.004850211446798843
langr002,0.00027584382704969973,0.00013014825068919414,0.004984164622855461,0.004838469046494955
drewj001,0.001076924530262527,0.0011595025970491844,0.004661753237956208,0.0047443313047428656
edmoj001,0.00034574945445270595,0.0002839598196855146,0.004733214369124641,0.004671424734357449
ordom001,0.0009692320772362743,0.001159502597049185,0.0043879485361120385,0.004578219055924949
thamm001,0.0004458845423543093,0.0005087613436032136,0.004509302329678603,0.004572179130927507
fox-j001,0.00039676166904408877,0.00033128645629976693,0.004608120771561606,0.004542645558817284
hughl001,0.0004874500505398806,0.0004141080703747087,0.004601679987661327,0.0045283380074961545
seguj002,0.001048584411045092,0.0008163844815958551,0.004660151085175987,0.00442795115572675
corpc001,0.0006650481309691394,0.0005560879802174663,0.004365706173251138,0.004256746022499465
johnn001,0.00025506107295691417,0.00029579147883907766,0.0039451447430069965,0.0039858751488891595
podss001,0.001054252434888579,0.000816384481595855,0.004165770008881201,0.003927902055588477
bakej001,0.0010920392605118256,0.0011358392787420585,0.0038330764968742066,0.0038768765151044396
nix-l001,0.0010636991412943909,0.001076680982974243,0.003737129571215955,0.003750111412895807
tream001,0.000880433037021645,0.0007927211632887287,0.0037879507536804887,0.0037002388799475725
johne002,0.0011392727925408838,0.0008637111182101075,0.00391342769626119,0.0036378660219304137
patte001,0.00043076981210501074,0.0003194547971462039,0.0037359243829221795,0.0036246093679633724
stewc001,0.0009371132754565147,0.0006034146168317189,0.003910473169834205,0.0035767745112094095
snydc002,0.0010448057284827674,0.001112175960434932,0.003482526428548816,0.0035498966605009806
lairg001,0.0010655884825755532,0.0007453945266744763,0.0038310062884082475,0.0035108123325071705
cervf001,0.0006801628612184381,0.000816384481595855,0.0033148352284638623,0.003451056848841279
chave002,0.001025912315671144,0.0006625729125995344,0.0036309400290600487,0.003267600625988439
martl004,0.0007727405839953921,0.0006744045717530973,0.00330284009763586,0.003204504085393565
moreb001,0.0009408919580188395,0.0006625729125995344,0.003411398102185496,0.003133079056766191
alfoe002,0.000173819397866934,0.00016564322814988344,0.003098261128928045,0.0030900849592109944
marts002,0.0009975721964537092,0.0006862362309066607,0.0032894436920434026,0.002978107726496354
johnr009,0.00071417100427936,0.0004614347069889613,0.00286646088317042,0.002613724585880021
donaj002,0.0007991913619316649,0.0005205930027567769,0.0028236909703959145,0.0025450926112210266
andeg001,0.00025883975551923877,0.00015381156899632034,0.002629057429362563,0.0025240292428396448
congh001,0.0006952775914677367,0.0005915829576781556,0.002534111956372798,0.002430417322583217
molib001,0.0006480440594386784,0.0005442563210639032,0.002397921950922161,0.0022941342125473857
kaaik001,0.0006159252576589189,0.0005442563210639031,0.0022939972636941927,0.0022223283270991767
guilc001,0.0005176795110384778,0.0005797512985245925,0.0021079570763453508,0.0021700288638314656
conrb001,0.0005800277733168347,0.0007572261858280393,0.0019478734227841477,0.002125071835295352
sanch002,0.0005705810669110231,0.0006625729125995344,0.002018465129752711,0.0021104569754412223
gonzm002,0.0006461547181575161,0.00033128645629976704,0.002408758692423346,0.0020938904305655972
blanh001,0.0006896095676242497,0.0005560879802174661,0.002107162429483791,0.0019736408420770075
hamij003,0.0032458883210368804,0.005217761686721321,0.0,0.0019718733656844405
canor001,0.003570855021396801,0.005454394869792579,0.0,0.0018835398483957777
flahr001,0.0006291506466270553,0.0005560879802174661,0.001949432105769228,0.001876369439359639
bautj002,0.002697979349499805,0.004496030478353978,0.0,0.0017980511288541727
ortid001,0.002737655516404214,0.004531525455814667,0.0,0.001793869939410453
braur002,0.002771663659465136,0.0045551887741217935,0.0,0.0017835251146566576
grudm001,0.00015870466761763537,0.00013014825068919414,0.0017995598213341704,0.0017710034044057291
pujoa001,0.0032515563448803674,0.004957465185342936,0.0,0.0017059088404625684
soria001,0.0031079664075120304,0.004673505365657428,0.0,0.0015655389581453972
cruzn002,0.002858573358398603,0.00438954554597191,0.0,0.001530972187573307
howar001,0.002518491927789384,0.003999100793904335,0.0,0.001480608866114951
pench001,0.0035727443626779633,0.004957465185342935,0.0,0.0013847208226649716
beltc001,0.0027678849769028112,0.0038926158615222644,0.0,0.0011247308846194532
quenc001,0.0021141728936206455,0.0031827163123084776,0.0,0.0010685434186878322
stanm004,0.0025279386341951955,0.003561329405222497,0.0,0.0010333907710273014
freef001,0.002427803546293592,0.0034430128136868667,0.0,0.0010152092673932746
rodra001,0.002352229895047099,0.003348359540458363,0.0,0.000996129645411264
martv001,0.002380570014264534,0.0033365278813048014,0.0,0.0009559578670402676
granc001,0.0028944708427406872,0.0038452892249080137,0.0,0.0009508183821673264
tatuc001,0.00031740933523527096,0.00021296986476413584,0.001034474070859208,0.0009300346003880727
huntt001,0.0033894782584052174,0.004318555591050535,0.0,0.0009290773326453175
davic003,0.002053713972623451,0.002981578106697903,0.0,0.0009278641340744521
inglj001,0.0002531717316757518,0.00010648493238206793,0.0010554181197502503,0.0009087313204565665
cuddm001,0.0028340119217434927,0.0037269726333723804,0.0,0.0008929607116288877
ramih003,0.0025902868964735523,0.0034548444728404295,0.0,0.0008645575763668771
dunna001,0.0031249704790424914,0.0039872691347507695,0.0,0.0008622986557082781
hartc001,0.0023560085776094235,0.003123558016540664,0.0,0.0007675494389312405
troum001,0.0017004071530460955,0.0024609851039411245,0.0,0.0007605779508950291
uggld001,0.003238330955912231,0.0038926158615222675,0.0,0.0006542849056100364
joneg002,0.0028491266519927914,0.0034785077911475546,0.0,0.0006293811391547633
youkk001,0.001968693614971146,0.002567470036323194,0.0,0.000598776421352048
morak001,0.0018307717014462961,0.002425490126480437,0.0,0.0005947184250341409
ludwr001,0.002329557799673151,0.0029224198109300877,0.0,0.0005928620112569368
jonec004,0.0016834030815156345,0.0022361835800234243,0.0,0.0005527804985077898
johnc003,0.0024599223480733516,0.0030052414250050295,0.0,0.0005453190769316779
wertj001,0.0027300981512795646,0.003241874608076293,0.0,0.0005117764567967283
philb001,0.0035689656801156386,0.004058259089672148,0.0,0.0004892934095565094
utlec001,0.002374901990421047,0.002827766537701586,0.0,0.00045286454728053933
santc002,0.0026431884523460975,0.0030880630390799713,0.0,0.0004448745867338738
mauej001,0.0024995985149777605,0.002934251470083652,0.0,0.0004346529551058913
pedrd001,0.0031268598203236537,0.0035613294052224994,0.0,0.00043446958489884576
davii001,0.002250205465864333,0.0026502916503981355,0.0,0.0004000861845338023
matsh001,0.0016531736210170375,0.0020350453744128524,0.0,0.0003818717533958149
rasmc001,0.0028547946758362783,0.0032300429489227275,0.0,0.0003752482730864492
colvt001,0.001571931945927057,0.001940392101184348,0.0,0.0003684601552572909
frazt001,0.0015908253587386804,0.001952223760337909,0.0,0.00036139840159922867
buckj001,0.002444807617824053,0.0027922715602408947,0.0,0.0003474639424168417
jonea002,0.0010844818953871765,0.001431630757581135,0.0,0.0003471488621939584
ruizc001,0.002123619600026457,0.002460985103941126,0.0,0.00033736550391466873
middw001,0.0009654533946739497,0.0012541558702776887,0.0,0.00028870247560373906
navad002,0.001324428238094792,0.0016091056448845802,0.0,0.00028467740678978816
hosme001,0.0024240248637312674,0.0026976182870123897,0.0,0.0002735934232811223
gatte001,0.0005516876540993997,0.000816384481595855,0.0,0.0002646968274964553
glaut001,0.0006348186704705423,0.0008992060956707967,0.0,0.0002643874252002545
smits002,0.00236923396657756,0.0026266283320910094,0.0,0.00025739436551344957
piera001,0.0028283438979000057,0.0030762313799264085,0.0,0.00024788748202640275
dudal001,0.0016361695494865763,0.0018812338054165312,0.0,0.0002450642559299549
cartc002,0.0012979774601585197,0.0015381156899632025,0.0,0.00024013822980468286
choos001,0.0028623520409609277,0.0030880630390799704,0.0,0.00022571099811904277
avila001,0.002371123307858722,0.0025911333546303197,0.0,0.00022001004677159753
reddj001,0.0020045910993132304,0.002224351920869863,0.0,0.00021976082155663245
franj005,0.0010278016569523066,0.0012423242111241262,0.0,0.00021452255417181952
hernr002,0.0012564119519729484,0.0014671257350418233,0.0,0.0002107137830688749
valed001,0.0017476406850751537,0.0019522237603379093,0.0,0.0002045830752627556
adamm002,0.0006480440594386784,0.0008518794590565442,0.0,0.0002038353996178658
rossd001,0.0008596502829288593,0.0010530176646671168,0.0,0.0001933673817382575
vicid001,0.0016890711053591217,0.0018812338054165316,0.0,0.0001921627000574099
moort002,0.000472335320290582,0.0006507412534459712,0.0,0.0001784059331553892
carpm002,0.0014264526672775578,0.0015972739857310174,0.0,0.0001708213184534596
lowrj001,0.002089611456965535,0.002259846898330552,0.0,0.00017023544136501693
hinse001,0.001065588482575553,0.0012304925519705631,0.0,0.00016490406939501014
jasoj001,0.0016323908669242516,0.0017865805321880268,0.0,0.00015418966526377516
downm001,0.0007047242978735483,0.0008518794590565442,0.0,0.00014715516118299593
murpd004,0.0006026998686907827,0.000745394526674476,0.0,0.00014269465798369331
kottg001,0.0009484493231434887,0.0010885126421278063,0.0,0.00014006331898431753
ishit001,0.0005120114871949909,0.0006507412534459713,0.0,0.0001387297662509804
grany001,0.00042132310569919905,0.0005560879802174661,0.0,0.0001347648745182671
myerw001,0.0005101221459138284,0.0006389095942924081,0.0,0.0001287874483785797
davik003,0.00019082346939739496,0.0003194547971462039,0.0,0.00012863132774880895
alony001,0.0014585714690573174,0.0015854423265774548,0.0,0.00012687085752013743
iannc001,0.0016607309861416866,0.0017865805321880264,0.0,0.0001258495460463398
domim001,0.0010693671651378777,0.0011949975745098732,0.0,0.00012563040937199556
castr002,0.00027206514448737507,0.00039044475206758246,0.0,0.00011837960758020739
rober002,0.0017533087089186407,0.0018694021462629664,0.0,0.00011609343734432574
derom001,0.0007406217822156327,0.0008518794590565441,0.0,0.00011125767684091147
byrdm001,0.002427803546293592,0.002531975058862503,0.0,0.00010417151256891105
ellia001,0.001577599969770544,0.0016682639406523957,0.0,9.066397088185164e-05
blank002,0.0008331995049925867,0.0009228694139779231,0.0,8.966990898533645e-05
ransc001,0.0007765192665577169,0.0008637111182101073,0.0,8.719185165239035e-05
sweem002,0.00022105292989599222,0.0003076231379926408,0.0,8.657020809664856e-05
abreb001,0.0019422428370348735,0.0020232137152592883,0.0,8.097087822441472e-05
suttd002,0.00030040526370481,0.00037861309291401955,0.0,7.820782920920955e-05
gyorj001,0.0007273963932474963,0.0008045528224422916,0.0,7.715642919479536e-05
crawc002,0.0023956847445138325,0.0024728167630946873,0.0,7.713201858085489e-05
murpd006,0.002278545585081768,0.0023545001715590545,0.0,7.595458647728648e-05
krate001,0.0005989211861284579,0.0006744045717530975,0.0,7.548338562463964e-05
gibbj002,0.00018515544555390798,0.00026029650137838827,0.0,7.51410558244803e-05
desmi001,0.003243998979755718,0.003312864562997673,0.0,6.886558324195472e-05
hudsd001,0.00019460215195971962,0.00026029650137838827,0.0,6.569434941866865e-05
moram002,0.0006574907658444901,0.0007217312083673497,0.0,6.424044252285963e-05
ruf-d001,0.00042132310569919905,0.00048509802529608743,0.0,6.377491959688839e-05
gomem001,0.00014925796121182373,0.00021296986476413584,0.0,6.371190355231211e-05
calhk001,0.0003268560416410826,0.0003904447520675826,0.0,6.358871042650002e-05
cartc001,0.0002323889775829662,0.00029579147883907766,0.0,6.340250125611146e-05
pradm001,0.0034291544253096263,0.003490339450301121,0.0,6.118502499149461e-05
olivm001,0.0018912306224434907,0.0019522237603379095,0.0,6.099313789441883e-05
hundn001,0.0017022964943272578,0.0017629172138809,0.0,6.062071955364231e-05
tuiam001,0.0004364378359484977,0.0004969296844496506,0.0,6.049184850115294e-05
harpb003,0.0014207846434340708,0.0014789573941953874,0.0,5.817275076131661e-05
pillb001,0.00036842154982665384,0.000425939729528272,0.0,5.751817970161817e-05
evann001,0.00031551999395410863,0.0003667814337604563,0.0,5.126143980634768e-05
hanir001,0.0015114730249298626,0.0015617790082703283,0.0,5.030598334046575e-05
salao001,0.00019838083452204428,0.00024846484222482514,0.0,5.008400770278087e-05
yound004,0.00028340119217434904,0.00033128645629976693,0.0,4.788526412541789e-05
medit001,9.446706405811621e-05,0.00014197990984275724,0.0,4.751284578464103e-05
millc001,0.0001662620327422847,0.00021296986476413584,0.0,4.6707832021851154e-05
ruggj001,0.0011959530309757537,0.0012423242111241262,0.0,4.637118014837248e-05
halts002,0.00015492598505531074,0.00020113820561057274,0.0,4.6212220555262e-05
lapom001,0.0011846169832887797,0.0012304925519705631,0.0,4.587556868178343e-05
penaw001,0.00017004071530460937,0.00021296986476413584,0.0,4.292914945952647e-05
pintj001,0.00010013508790160321,0.00014197990984275724,0.0,4.184482194115403e-05
enrib001,7.746299252765526e-05,0.00011831659153563102,0.0,4.085359900797576e-05
garca003,0.0004458845423543093,0.00048509802529608754,0.0,3.921348294177822e-05
davim005,0.00011524981815090184,0.00015381156899632037,0.0,3.856175084541853e-05
sardd001,0.00010391377046392785,0.00014197990984275724,0.0,3.8066139378829385e-05
tosor001,0.00027017580320621274,0.0003076231379926407,0.0,3.744733478642793e-05
miraj001,0.00036653220854549157,0.00040227641122114575,0.0,3.574420267565419e-05
browa003,0.00043832717722966,0.0004732663661425244,0.0,3.493918891286441e-05
valdj002,0.0004761140028529066,0.0005087613436032136,0.0,3.2647340750307054e-05
davib004,0.00017004071530460937,0.00020113820561057274,0.0,3.109749030596337e-05
felds001,7.746299252765526e-05,0.00010648493238206793,0.0,2.9021939854412672e-05
hermj001,0.00046855663772825726,0.0004969296844496505,0.0,2.837304672139324e-05
arcio001,0.0005044541220703415,0.0005324246619103401,0.0,2.797053983999865e-05
snydb003,0.00022105292989599222,0.00024846484222482514,0.0,2.7411912328832922e-05
pagnm001,0.00013981125480601209,0.00016564322814988344,0.0,2.5831973343871354e-05
lunah001,0.00013981125480601209,0.00016564322814988344,0.0,2.5831973343871354e-05
vanss001,0.000294737239861323,0.0003194547971462039,0.0,2.4717557284880895e-05
peguc001,0.00031929867651643335,0.00034311811545333006,0.0,2.3819438936896714e-05
canzr001,0.00013036454840020047,0.00015381156899632034,0.0,2.344702059611987e-05
zaung001,0.00015492598505531072,0.00017747488730344654,0.0,2.2548902248135824e-05
ozunm001,0.0003929829864817641,0.0004141080703747088,0.0,2.112508389294466e-05
johnd004,0.0003816469387947902,0.00040227641122114565,0.0,2.062947242635545e-05
aschc001,0.00023994634270761554,0.00026029650137838827,0.0,2.0350158670772735e-05
gimeh001,0.00013414323096252513,0.00015381156899632034,0.0,1.9668338033795212e-05
ingeb001,0.001885562598600004,0.0019048971237236579,0.0,1.9334525123653953e-05
gloar001,0.0003476387957338682,0.00036678143376045626,0.0,1.9142638026588038e-05
gomey001,0.0005856957971603216,0.0006034146168317187,0.0,1.7718819671397063e-05
millb002,0.0004345484946673354,0.0004496030478353981,0.0,1.5054553168062702e-05
moraj002,0.00015303664377414836,0.00016564322814988344,0.0,1.260658437573508e-05
winnr001,0.0003192986765164333,0.000331286456299767,0.0,1.1987779783333694e-05
wheer001,0.00022483161245831688,0.00023663318307126204,0.0,1.1801570612945164e-05
cairm001,0.0008879904021462942,0.0008992060956707969,0.0,1.1215693524502658e-05
sandj002,0.00033252406548456965,0.0003431181154533301,0.0,1.0594049968760467e-05
mcbrm002,0.00013225388968136277,0.00014197990984275724,0.0,9.726020161394467e-06
lutzd001,8.502035765230458e-05,9.465327322850483e-05,0.0,9.632915576200256e-06
philk001,0.00012280718327555113,0.00013014825068919414,0.0,7.34106741364301e-06
bogax001,0.0001001350879016032,0.00010648493238206793,0.0,6.34984448046474e-06
arenn001,0.0007047242978735483,0.000709899549213787,0.0,5.175251340238719e-06
florw001,0.00014925796121182376,0.00015381156899632034,0.0,4.553607784496582e-06
penar002,0.00045722059004128335,0.0004614347069889613,0.0,4.214116947677939e-06
curtc002,9.068838149579156e-05,9.465327322850483e-05,0.0,3.9648917327132695e-06
fielj001,6.801628612184362e-05,7.098995492137863e-05,0.0,2.973668799535013e-06
chatt001,0.0001076924530262525,0.00010648493238206793,0.0,-1.2075206441845615e-06
larij001,0.00010769245302625252,0.00010648493238206793,0.0,-1.2075206441845886e-06
frein001,0.0002852905334555114,0.00028395981968551453,0.0,-1.3307137699968452e-06
martl002,0.00012091784199438882,0.00011831659153563102,0.0,-2.6012504587578027e-06
pillk001,0.00015681532633647307,0.00015381156899632034,0.0,-3.0037573401527334e-06
lowem001,0.0003344134067657319,0.00033128645629976704,0.0,-3.1269504659648816e-06
bradj001,0.00014547927864949907,0.00014197990984275724,0.0,-3.4993688067418345e-06
bowkj001,0.00027584382704969973,0.00027212816053195135,0.0,-3.7156665177483835e-06
schal001,0.0005139008284761532,0.0005087613436032137,0.0,-5.139484872939467e-06
robis001,0.0005025647807891792,0.0004969296844496506,0.0,-5.635096339528622e-06
hoffm001,8.879904021462922e-05,8.282161407494172e-05,0.0,-5.9774261396875025e-06
almoa001,0.0001133604768697395,0.00010648493238206793,0.0,-6.875544487671561e-06
gindc001,0.00019649149324088198,0.00018930654645700964,0.0,-7.184946783872335e-06
dendm001,9.068838149579156e-05,8.282161407494173e-05,0.0,-7.866767420849831e-06
lairb001,0.00019838083452204425,0.00018930654645700964,0.0,-9.07428806503461e-06
hagum001,0.00010391377046392787,9.465327322850483e-05,0.0,-9.260497235423032e-06
geruj001,0.00010391377046392787,9.465327322850483e-05,0.0,-9.260497235423032e-06
frann001,0.0005535769953805621,0.0005442563210639031,0.0,-9.320674316658987e-06
blalh001,9.257772277695389e-05,8.282161407494173e-05,0.0,-9.75610870201216e-06
greeg002,0.00021160622349018058,0.00020113820561057277,0.0,-1.046801787960781e-05
hughr001,6.990562740300595e-05,5.915829576781552e-05,0.0,-1.074733163519043e-05
maldm001,0.0006385973530328668,0.0006270779351388448,0.0,-1.1519417894021995e-05
solaj002,0.00013036454840020044,0.00011831659153563104,0.0,-1.2047956864569406e-05
ramim003,0.00010769245302625248,9.465327322850482e-05,0.0,-1.3039179797747662e-05
sierm001,0.0003684215498266539,0.00035494977460689324,0.0,-1.3471775219760652e-05
davib005,8.502035765230458e-05,7.098995492137863e-05,0.0,-1.4030402730925946e-05
moors001,0.0004402165185108224,0.000425939729528272,0.0,-1.4276788982550378e-05
owinc001,7.36843099653306e-05,5.9158295767815524e-05,0.0,-1.452601419751508e-05
semim001,9.824574662044088e-05,8.282161407494172e-05,0.0,-1.542413254549916e-05
genns001,0.0002890692160178361,0.0002721281605319514,0.0,-1.6941055485884685e-05
holtb002,0.00019460215195971962,0.00017747488730344654,0.0,-1.712726465627308e-05
lavar001,0.0004194337644180367,0.0004022764112211457,0.0,-1.7157353196891017e-05
mesod001,0.0008218634573056127,0.0008045528224422919,0.0,-1.731063486332075e-05
culbc001,0.00018326610427274562,0.00016564322814988344,0.0,-1.762287612286218e-05
blumg001,0.0004080977167310628,0.00039044475206758257,0.0,-1.7652964663480227e-05
dickc001,0.00039676166904408877,0.00037861309291401934,0.0,-1.8148576130069436e-05
jacom001,6.612694484068129e-05,4.732663661425242e-05,0.0,-1.8800308226428873e-05
lahab001,0.0005875851384414839,0.0005679196393710294,0.0,-1.966549907045454e-05
darnj001,0.0001152498181509018,9.465327322850482e-05,0.0,-2.0596544922396977e-05
bay-j001,0.0018194356537593224,0.0017984121913415896,0.0,-2.10234624177328e-05
hessm001,9.257772277695388e-05,7.098995492137863e-05,0.0,-2.1587767855575247e-05
stamc001,9.257772277695387e-05,7.098995492137862e-05,0.0,-2.1587767855575247e-05
laruj001,9.257772277695389e-05,7.098995492137862e-05,0.0,-2.1587767855575274e-05
heisc001,0.0015605958982400831,0.0015381156899632019,0.0,-2.248020827688127e-05
rodrl002,0.00018893412811623266,0.00016564322814988344,0.0,-2.329089996634922e-05
alleb001,0.00036653220854549157,0.00034311811545333006,0.0,-2.3414093092161505e-05
stewi001,0.0010410270459204427,0.0010175226872064275,0.0,-2.3504358714015235e-05
bernd001,8.313101637114224e-05,5.915829576781552e-05,0.0,-2.3972720603326718e-05
andel002,8.313101637114224e-05,5.915829576781552e-05,0.0,-2.3972720603326718e-05
gillc002,0.00026072909680040115,0.00023663318307126204,0.0,-2.409591372913911e-05
zambc001,0.00020215951708436893,0.00017747488730344654,0.0,-2.4684629780922395e-05
dural001,8.502035765230456e-05,5.9158295767815524e-05,0.0,-2.586206188448904e-05
puigy001,0.000570581066911023,0.0005442563210639033,0.0,-2.632474584711962e-05
coopd002,0.00029851592242364773,0.0002721281605319514,0.0,-2.638776189169633e-05
andeb005,9.824574662044085e-05,7.098995492137862e-05,0.0,-2.7255791699062234e-05
millj004,9.824574662044088e-05,7.098995492137863e-05,0.0,-2.7255791699062247e-05
tolls001,0.00018137676299158335,0.00015381156899632034,0.0,-2.7565193995263007e-05
perej002,0.0001341432309625251,0.00010648493238206793,0.0,-2.7658298580457164e-05
dewib001,0.0010221336331088194,0.0009938593688993017,0.0,-2.827426420951777e-05
chama002,0.0001587046676176354,0.00013014825068919414,0.0,-2.8556416928441264e-05
mayse001,8.879904021462922e-05,5.915829576781552e-05,0.0,-2.9640744446813704e-05
sanct001,8.879904021462924e-05,5.915829576781552e-05,0.0,-2.9640744446813718e-05
staim001,0.00025506107295691417,0.00022480152391769894,0.0,-3.0259549039215225e-05
kalir001,0.0003854256213571148,0.0003549497746068932,0.0,-3.047584675022161e-05
helmw001,0.0005630237017863738,0.0005324246619103399,0.0,-3.059903987603387e-05
kaplg001,0.00019649149324088195,0.00016564322814988344,0.0,-3.084826509099851e-05
tatif001,0.00010202442918276554,7.098995492137863e-05,0.0,-3.1034474261386905e-05
montl001,0.000185155445553908,0.00015381156899632034,0.0,-3.1343876557587665e-05
russk001,7.935233380881759e-05,4.732663661425242e-05,0.0,-3.2025697194565175e-05
bardj001,0.0003041839462671347,0.00027212816053195135,0.0,-3.205578573518337e-05
ramiw001,0.00015114730249298608,0.00011831659153563102,0.0,-3.283071095735506e-05
ryu-h001,0.00010391377046392787,7.098995492137862e-05,0.0,-3.292381554254925e-05
navay001,0.00028151185089318677,0.00024846484222482514,0.0,-3.3047008668361626e-05
fernj003,9.257772277695389e-05,5.915829576781552e-05,0.0,-3.3419427009138375e-05
recka001,0.000317409335235271,0.0002839598196855145,0.0,-3.344951554975654e-05
rottv001,0.00012847520711903814,9.465327322850483e-05,0.0,-3.3821933890533306e-05
anglm001,0.00011713915943206417,8.282161407494172e-05,0.0,-3.431754535712245e-05
cainl001,0.0011468301576655331,0.0011121759604349323,0.0,-3.465419723060084e-05
narvc001,0.00017759808042925866,0.00014197990984275724,0.0,-3.5618170586501424e-05
velee001,0.0001662620327422847,0.00013014825068919414,0.0,-3.611378205309055e-05
almoz001,0.00015492598505531072,0.00011831659153563104,0.0,-3.660939351967968e-05
pereh001,0.00010769245302625251,7.098995492137862e-05,0.0,-3.670249810487389e-05
bianj001,0.00046288861388477033,0.000425939729528272,0.0,-3.694888435649832e-05
younc003,8.502035765230458e-05,4.732663661425242e-05,0.0,-3.769372103805216e-05
falui001,0.0001209178419943888,8.282161407494173e-05,0.0,-3.8096227919447065e-05
carsm001,0.00022861029502064156,0.00018930654645700964,0.0,-3.9303748563631924e-05
martf002,0.0002890692160178361,0.00024846484222482514,0.0,-4.060437379301094e-05
churr001,0.00033819208932805663,0.00029579147883907766,0.0,-4.240061048897898e-05
staut001,0.00014925796121182376,0.00010648493238206792,0.0,-4.2773028829755835e-05
redmm001,0.00010202442918276554,5.915829576781552e-05,0.0,-4.286613341495002e-05
adamr003,0.00013792191352484973,9.465327322850482e-05,0.0,-4.326864029634491e-05
hamim001,9.068838149579156e-05,4.732663661425242e-05,0.0,-4.336174488153915e-05
carrb001,0.00012658586583787578,8.282161407494172e-05,0.0,-4.3764251762934064e-05
kraum001,0.00020971688220901825,0.00016564322814988344,0.0,-4.407365405913481e-05
mckem001,0.0008369781875549114,0.0007927211632887287,0.0,-4.4257024266182725e-05
nieuk001,0.0005649130430675361,0.000520593002756777,0.0,-4.432004031075911e-05
sullc001,0.00010391377046392785,5.915829576781552e-05,0.0,-4.4755474696112334e-05
chirr001,0.00012847520711903814,8.282161407494172e-05,0.0,-4.565359304409642e-05
moyej001,8.124167508997992e-05,3.5494977460689316e-05,0.0,-4.5746697629290604e-05
urruh001,8.124167508997992e-05,3.5494977460689316e-05,0.0,-4.5746697629290604e-05
marto001,9.446706405811622e-05,4.732663661425242e-05,0.0,-4.7140427443863805e-05
greet005,0.00022483161245831688,0.00017747488730344654,0.0,-4.735672515487034e-05
dukez001,0.00013036454840020044,8.282161407494173e-05,0.0,-4.754293432525871e-05
pridj001,0.00034386011317154357,0.0002957914788390776,0.0,-4.8068634332465963e-05
colac001,0.0002493930491134271,0.00020113820561057274,0.0,-4.8254843502854386e-05
dietd001,0.0003211880177975957,0.0002721281605319514,0.0,-4.9059857265644274e-05
dinkb001,9.824574662044088e-05,4.732663661425242e-05,0.0,-5.091911000618846e-05
phegj001,0.00032307735907875795,0.00027212816053195145,0.0,-5.0949198546806494e-05
green001,0.00015870466761763537,0.00010648493238206793,0.0,-5.221973523556744e-05
nickm001,0.00028906921601783603,0.00023663318307126204,0.0,-5.243603294657399e-05
giavj001,0.0005970318448472957,0.0005442563210639032,0.0,-5.277552378339244e-05
lillb001,0.0008218634573056127,0.0007690578449816023,0.0,-5.280561232401035e-05
younm004,8.879904021462924e-05,3.5494977460689316e-05,0.0,-5.330406275393992e-05
gamem001,0.00017193005658577167,0.00011831659153563102,0.0,-5.361346505014065e-05
hared001,0.0001719300565857717,0.00011831659153563104,0.0,-5.3613465050140666e-05
hernc005,0.0001719300565857717,0.00011831659153563104,0.0,-5.3613465050140666e-05
hickb002,0.00014925796121182373,9.465327322850482e-05,0.0,-5.460468798331891e-05
triuc001,0.00011524981815090184,5.915829576781552e-05,0.0,-5.609152238308632e-05
phelc001,0.0001870447868350703,0.00013014825068919414,0.0,-5.689653614587617e-05
ausmb001,9.257772277695387e-05,3.5494977460689316e-05,0.0,-5.708274531626455e-05
velag002,9.257772277695389e-05,3.5494977460689316e-05,0.0,-5.708274531626458e-05
adamd001,0.00022294227117715455,0.00016564322814988344,0.0,-5.729904302727111e-05
stavn001,0.00017570873914809633,0.00011831659153563104,0.0,-5.7392147612465296e-05
lowed001,0.0002116062234901806,0.00015381156899632034,0.0,-5.779465449386027e-05
estrm001,0.00016437269146112239,0.00010648493238206792,0.0,-5.7887759079054465e-05
dejei002,0.00011713915943206415,5.915829576781552e-05,0.0,-5.7980863664248636e-05
dickc002,0.00028340119217434904,0.00022480152391769894,0.0,-5.85996682566501e-05
goinr001,0.0001775980804292587,0.00011831659153563104,0.0,-5.928148889362765e-05
castj004,0.00022672095373947924,0.00016564322814988344,0.0,-6.10777255895958e-05
towlj001,0.00030985197011062165,0.00024846484222482514,0.0,-6.13871278857965e-05
browj006,0.00015681532633647304,9.465327322850483e-05,0.0,-6.216205310796821e-05
machm001,0.0012809733886280585,0.0012186608928169993,0.0,-6.231249581105922e-05
bushd001,9.824574662044087e-05,3.5494977460689316e-05,0.0,-6.275076915975155e-05
vogts001,0.0002758438270496998,0.00021296986476413584,0.0,-6.287396228556394e-05
kiesr001,0.0001341432309625251,7.098995492137862e-05,0.0,-6.315327604114648e-05
lidda001,0.0002645077793627258,0.00020113820561057277,0.0,-6.336957375215304e-05
terdj001,0.00012280718327555113,5.915829576781552e-05,0.0,-6.364888750773561e-05
marrc001,0.00019460215195971962,0.00013014825068919414,0.0,-6.445390127052548e-05
zunim001,0.0002663971206438881,0.00020113820561057274,0.0,-6.525891503331534e-05
tracc001,0.0005516876540993998,0.0004850980252960876,0.0,-6.658962880331219e-05
ohler001,0.00013792191352484978,7.098995492137863e-05,0.0,-6.693195860347115e-05
colec001,9.068838149579155e-05,2.366331830712621e-05,0.0,-6.702506318866534e-05
luebc001,7.935233380881759e-05,1.1831659153563104e-05,0.0,-6.752067465525449e-05
valac001,0.00019838083452204428,0.00013014825068919414,0.0,-6.823258383285014e-05
bensj001,0.00010391377046392787,3.5494977460689316e-05,0.0,-6.841879300323855e-05
fedet001,0.00027017580320621274,0.00020113820561057277,0.0,-6.903759759563998e-05
komae001,8.124167508997992e-05,1.1831659153563104e-05,0.0,-6.941001593641682e-05
herrc001,0.000294737239861323,0.00022480152391769894,0.0,-6.993571594362407e-05
renda001,0.0005195688523196402,0.00044960304783539805,0.0,-6.996580448424215e-05
wised001,0.0007330644170909833,0.0006625729125995344,0.0,-7.049150449144894e-05
carda001,9.446706405811621e-05,2.366331830712621e-05,0.0,-7.080374575098999e-05
fordl001,0.00013036454840020044,5.915829576781552e-05,0.0,-7.120625263238492e-05
jaraj001,0.0002134955647713429,0.00014197990984275724,0.0,-7.151565492858567e-05
stule002,0.0001662620327422847,9.465327322850483e-05,0.0,-7.160875951377985e-05
delgr001,0.00011902850071322648,4.732663661425242e-05,0.0,-7.170186409897407e-05
chrij003,0.00015681532633647307,8.282161407494172e-05,0.0,-7.399371226153135e-05
worlv001,0.00015681532633647307,8.282161407494172e-05,0.0,-7.399371226153135e-05
casha001,0.00010958179430741485,3.5494977460689316e-05,0.0,-7.408681684672554e-05
tehej001,0.00010958179430741485,3.5494977460689316e-05,0.0,-7.408681684672554e-05
halmg001,0.0001927128106785573,0.00011831659153563104,0.0,-7.439621914292626e-05
averx001,0.00014547927864949907,7.098995492137862e-05,0.0,-7.448932372812045e-05
ameza001,0.0001341432309625251,5.915829576781552e-05,0.0,-7.498493519470958e-05
ojeda001,0.0001341432309625251,5.915829576781552e-05,0.0,-7.498493519470958e-05
grifk002,0.0001587046676176354,8.282161407494172e-05,0.0,-7.588305354269368e-05
quirg001,0.0001587046676176354,8.282161407494172e-05,0.0,-7.588305354269368e-05
mills001,0.00011147113558857718,3.5494977460689316e-05,0.0,-7.597615812788786e-05
turnj002,0.0001001350879016032,2.366331830712621e-05,0.0,-7.647176959447698e-05
consj001,0.0003022946049859724,0.00022480152391769894,0.0,-7.749308106827344e-05
berrq001,0.0004817820266963936,0.00040227641122114565,0.0,-7.950561547524798e-05
oeltt001,0.00016248335017996003,8.282161407494172e-05,0.0,-7.966173610501831e-05
fielt001,0.00011524981815090182,3.5494977460689316e-05,0.0,-7.975484069021251e-05
herre001,0.0002928478985801607,0.00021296986476413584,0.0,-7.987803381602485e-05
herng001,0.0002456143665511025,0.00016564322814988344,0.0,-7.997113840121908e-05
mattg002,9.257772277695389e-05,1.1831659153563104e-05,0.0,-8.074606362339079e-05
satij001,0.00031740933523527096,0.00023663318307126204,0.0,-8.077615216400892e-05
lylej001,0.00012847520711903814,4.732663661425242e-05,0.0,-8.114857050478572e-05
mitcr001,0.00016437269146112236,8.282161407494172e-05,0.0,-8.155107738618064e-05
jackb002,0.00018893412811623263,0.00010648493238206793,0.0,-8.24491957341647e-05
harvm001,0.00014170059608717441,5.915829576781552e-05,0.0,-8.25423003193589e-05
rogee002,9.446706405811622e-05,1.1831659153563104e-05,0.0,-8.263540490455312e-05
michj001,0.0005214581936008024,0.00043777138868183503,0.0,-8.368680491896739e-05
tolbm001,0.0004742246615717443,0.0003904447520675826,0.0,-8.377990950416168e-05
dobbg001,0.0016701776925474982,0.0015854423265774544,0.0,-8.473536597004383e-05
cunna001,0.0004874500505398806,0.00040227641122114575,0.0,-8.517363931873485e-05
gally001,0.0004402165185108224,0.00035494977460689324,0.0,-8.526674390392915e-05
kellj001,0.00013414323096252513,4.732663661425242e-05,0.0,-8.681659434827271e-05
bedae001,8.69096989334669e-05,0.0,0.0,-8.69096989334669e-05
lobaj001,0.0007500684886214443,0.0006625729125995343,0.0,-8.749557602191001e-05
pagaa001,0.0028207865327753564,0.0027331132644730785,0.0,-8.767326830227788e-05
hernl003,0.0002191635886148299,0.00013014825068919414,0.0,-8.901533792563576e-05
vazqj001,0.00011336047686973951,2.366331830712621e-05,0.0,-8.969715856261331e-05
corbp001,0.000185155445553908,9.465327322850482e-05,0.0,-9.050217232540318e-05
hefnj001,0.00011524981815090184,2.366331830712621e-05,0.0,-9.158649984377564e-05
jimel002,0.00015114730249298606,5.915829576781552e-05,0.0,-9.198900672517054e-05
romia001,0.00023427831886412852,0.00014197990984275724,0.0,-9.229840902137129e-05
stras001,0.00022294227117715455,0.00013014825068919414,0.0,-9.279402048796041e-05
tekob001,0.00012847520711903814,3.5494977460689316e-05,0.0,-9.298022965834882e-05
lirif001,0.00011902850071322648,2.366331830712621e-05,0.0,-9.536518240610027e-05
mastd002,0.00036842154982665384,0.0002721281605319514,0.0,-9.629338929470244e-05
abret001,0.0006291506466270552,0.00053242466191034,0.0,-9.672598471671516e-05
cooka002,0.0001322538896813628,3.5494977460689316e-05,0.0,-9.675891222067348e-05
collj001,0.0001322538896813628,3.5494977460689316e-05,0.0,-9.675891222067348e-05
navad001,0.0009371132754565147,0.0008400477999029812,0.0,-9.706547555353353e-05
harrw001,0.0008086380683374765,0.0007098995492137869,0.0,-9.873851912368958e-05
franj004,0.0028321225804623304,0.002733113264473079,0.0,-9.900931598925142e-05
taylm001,0.00012280718327555113,2.366331830712621e-05,0.0,-9.914386496842492e-05
burrs001,0.0002059381996466936,0.00010648493238206793,0.0,-9.945326726462566e-05
darnt001,0.0001587046676176354,5.915829576781552e-05,0.0,-9.954637184981988e-05
nicaj001,0.00014736861993066143,4.732663661425242e-05,0.0,-0.00010004198331640901
beacb001,0.0001605940088987977,5.915829576781552e-05,0.0,-0.00010143571313098218
noonn001,0.00016059400889879773,5.915829576781552e-05,0.0,-0.00010143571313098221
galvf001,0.0006102572338154319,0.0005087613436032139,0.0,-0.00010149589021221802
harrl002,0.00011336047686973951,1.1831659153563104e-05,0.0,-0.00010152881771617641
johnj009,0.00024372502526994017,0.00014197990984275724,0.0,-0.00010174511542718293
smoaj001,0.002611069650566338,0.002508311740555376,0.0,-0.00010275791001096175
crosb002,0.00025695041423807644,0.00015381156899632034,0.0,-0.0001031388452417561
woodt004,0.00031740933523527096,0.00021296986476413587,0.0,-0.0001044394704711351
lougd001,0.0005309049000066142,0.000425939729528272,0.0,-0.00010496517047834216
hicka001,0.00043643783594849773,0.00033128645629976693,0.0,-0.0001051513796487308
rutlj001,0.0008275314811490997,0.00072173120836735,0.0,-0.00010580027278174963
wongk001,0.0001058031117450902,0.0,0.0,-0.0001058031117450902
river003,0.0002720651444873751,0.00016564322814988344,0.0,-0.00010642191633749169
medlk001,0.00021349556477134293,0.00010648493238206792,0.0,-0.00010701063238927501
cahit001,0.0002380570014264532,0.00013014825068919414,0.0,-0.00010790875073725907
penab002,0.0012564119519729484,0.0011476709378956222,0.0,-0.0001087410140773262
clemj001,0.00026261843808156343,0.00015381156899632034,0.0,-0.00010880686908524309
peraw001,0.00012091784199438881,1.1831659153563104e-05,0.0,-0.00010908618284082571
dozib001,0.001328206920657117,0.0012186608928169993,0.0,-0.00010954602784011766
chacj001,0.000323077359078758,0.00021296986476413584,0.0,-0.00011010749431462216
gentc001,0.000950338664424651,0.0008400477999029811,0.0,-0.00011029086452166994
grosr001,0.00038353628007595247,0.00027212816053195135,0.0,-0.00011140811954400112
milll002,0.0005497983128182373,0.00043777138868183503,0.0,-0.00011202692413640232
atkig001,0.00021916358861482987,0.00010648493238206793,0.0,-0.00011267865623276193
matsk001,0.00012469652455671348,1.1831659153563104e-05,0.0,-0.00011286486540315038
elmoj001,0.00029095855729899836,0.00017747488730344654,0.0,-0.00011348366999555182
leblw001,0.00014925796121182376,3.5494977460689316e-05,0.0,-0.00011376298375113444
lakej001,0.0003155199939541087,0.00020113820561057274,0.0,-0.00011438178834353595
cruzt002,0.00048178202669639357,0.00036678143376045637,0.0,-0.0001150005929359372
crisc001,0.0026828646192505064,0.0025674700363231932,0.0,-0.00011539458292731319
orr-p001,0.0002456143665511025,0.00013014825068919414,0.0,-0.00011546611586190839
vittj001,0.0001757087391480963,5.9158295767815524e-05,0.0,-0.00011655044338028077
pastt001,0.000306073287548297,0.00018930654645700964,0.0,-0.00011676674109128735
delaj001,0.0002116062234901806,9.465327322850483e-05,0.0,-0.00011695295026167577
lockj001,0.00011713915943206417,0.0,0.0,-0.00011713915943206417
diazm003,0.0009219985452072161,0.0008045528224422919,0.0,-0.00011744572276492418
yelic001,0.00033063472420340726,0.00021296986476413584,0.0,-0.00011766485943927142
profj001,0.000460999272603608,0.00034311811545333017,0.0,-0.00011788115715027784
avilm001,0.0023446725299224496,0.0022243519208698624,0.0,-0.00012032060905258716
nisht001,0.0003570855021396799,0.00023663318307126204,0.0,-0.00012045231906841788
gillc001,0.0006650481309691394,0.0005442563210639031,0.0,-0.00012079180990523628
gorzt001,0.00016815137402344704,4.732663661425242e-05,0.0,-0.00012082473740919463
robeb003,0.0010920392605118258,0.0009701960505921756,0.0,-0.00012184320991965019
marij002,0.00018137676299158335,5.915829576781552e-05,0.0,-0.00012221846722376781
thame001,0.0009390026167376771,0.0008163844815958552,0.0,-0.0001226181351418219
marqj001,0.00024183568398877787,0.00011831659153563104,0.0,-0.00012351909245314683
herna003,0.00017193005658577167,4.732663661425242e-05,0.0,-0.00012460341997151924
nunee002,0.0011184900384480982,0.0009938593688993019,0.0,-0.00012463066954879632
paulx001,0.0009767894423609235,0.0008518794590565443,0.0,-0.0001249099833043792
lannj001,0.00024372502526994017,0.00011831659153563104,0.0,-0.00012540843373430913
cashk001,0.00019649149324088198,7.098995492137863e-05,0.0,-0.00012550153831950334
franj003,0.00014925796121182373,2.366331830712621e-05,0.0,-0.00012559464290469753
sancj002,0.00018515544555390798,5.9158295767815524e-05,0.0,-0.00012599714978609244
milew001,0.0002682864619250504,0.00014197990984275724,0.0,-0.00012630655208229318
sancf001,0.0010504737523262544,0.000922869413977923,0.0,-0.00012760433834833136
eovan001,0.0001398112548060121,1.1831659153563104e-05,0.0,-0.000127979595652449
wellr001,0.00018893412811623266,5.915829576781552e-05,0.0,-0.00012977583234841713
felip001,0.0006272613053458928,0.0004969296844496508,0.0,-0.000130331620896242
branm003,0.002697979349499805,0.0025674700363231954,0.0,-0.00013050931317660965
darnc001,0.00023805700142645315,0.00010648493238206793,0.0,-0.00013157206904438522
marcs001,0.0002380570014264532,0.00010648493238206793,0.0,-0.00013157206904438527
jimeu001,0.00021538490605250526,8.282161407494172e-05,0.0,-0.00013256329197756353
manzt001,0.0004062083754499004,0.0002721281605319514,0.0,-0.00013408021491794901
blacc001,0.0006310399879082175,0.0004969296844496508,0.0,-0.00013411030345856665
hoesl001,0.00025317173167575184,0.00011831659153563104,0.0,-0.0001348551401401208
garcl004,0.00015870466761763537,2.366331830712621e-05,0.0,-0.00013504134931050917
garlj001,0.0001587046676176354,2.366331830712621e-05,0.0,-0.0001350413493105092
happj001,0.00019460215195971965,5.915829576781552e-05,0.0,-0.00013544385619190412
hestj001,0.00027773316833086206,0.00014197990984275724,0.0,-0.00013575325848810482
romia002,0.00025695041423807644,0.00011831659153563104,0.0,-0.0001386338227024454
buehm001,0.00015114730249298608,1.1831659153563104e-05,0.0,-0.00013931564333942298
clevs001,0.0003646428672643292,0.00022480152391769894,0.0,-0.00013984134334663024
moora001,0.0003646428672643292,0.00022480152391769894,0.0,-0.00013984134334663024
simma001,0.0011600555466336694,0.001017522687206428,0.0,-0.00014253285942724151
mathj002,0.0005686917256298607,0.00042593972952827206,0.0,-0.00014275199610158868
hammj002,0.00022672095373947924,8.282161407494173e-05,0.0,-0.0001438993396645375
felij002,0.00017948742171042096,3.5494977460689316e-05,0.0,-0.00014399244424973163
ryalr001,0.00028906921601783603,0.00014197990984275724,0.0,-0.0001470893061750788
blana001,0.0003608641847020046,0.00021296986476413584,0.0,-0.00014789431993786874
westj001,0.00030229460498597233,0.00015381156899632034,0.0,-0.000148483035989652
karsj001,0.00020782754092785595,5.915829576781552e-05,0.0,-0.00014866924516004042
richc002,0.0003268560416410826,0.00017747488730344654,0.0,-0.00014938115433763607
kozmp001,0.0008955477672709435,0.0007453945266744762,0.0,-0.00015015324059646732
bixlb001,0.00026072909680040115,0.00010648493238206793,0.0,-0.00015424416441833322
pattc001,0.001018354950546495,0.0008637111182101074,0.0,-0.00015464383233638763
pelfm001,0.00023805700142645318,8.282161407494172e-05,0.0,-0.00015523538735151148
detwr001,0.00017948742171042102,2.366331830712621e-05,0.0,-0.00015582410340329481
lee-c003,0.0003570855021396799,0.00020113820561057274,0.0,-0.00015594729652910718
repkj001,0.00041754442313687444,0.00026029650137838827,0.0,-0.00015724792175848617
parra001,0.000311741311391784,0.00015381156899632034,0.0,-0.00015792974239546364
white004,0.0005611343605052113,0.0004022764112211458,0.0,-0.0001588579492840655
iwama001,0.00031363065267294636,0.00015381156899632034,0.0,-0.00015981908367662602
dankj002,0.0003495281370150306,0.00018930654645700964,0.0,-0.00016022159055802097
sanca005,0.0008237527985867751,0.0006625729125995344,0.0,-0.00016117988598724072
eatoa002,0.0004931180743833676,0.000331286456299767,0.0,-0.0001618316180836006
volqe001,0.00028151185089318677,0.00011831659153563104,0.0,-0.00016319525935755573
samaj001,0.00023427831886412855,7.098995492137862e-05,0.0,-0.00016328836394274995
jurrj001,0.0002002701758032066,3.5494977460689316e-05,0.0,-0.0001647751983425173
sellj002,0.00037786825623246554,0.00021296986476413584,0.0,-0.0001648983914683297
wortd001,0.00033063472420340726,0.00016564322814988344,0.0,-0.00016499149605352383
couss001,0.0002834011921743491,0.00011831659153563102,0.0,-0.0001650846006387181
santj003,0.0001775980804292587,1.1831659153563104e-05,0.0,-0.0001657664212756956
gosea001,0.00047422466157174425,0.0003076231379926408,0.0,-0.00016660152357910347
saunj001,0.0002380570014264532,7.098995492137862e-05,0.0,-0.0001670670465050746
robid002,0.00027395448576853746,0.00010648493238206793,0.0,-0.00016746955338646952
burna001,0.00025128239039458946,8.282161407494172e-05,0.0,-0.00016846077631964772
garcj004,0.0003344134067657319,0.00016564322814988344,0.0,-0.00016877017861584848
gee-d001,0.0002871798747366737,0.00011831659153563102,0.0,-0.0001688632832010427
sappd001,0.00037031089110781617,0.00020113820561057274,0.0,-0.00016917268549724343
loper001,0.00018326610427274567,1.1831659153563104e-05,0.0,-0.00017143444511918257
lucae001,0.0005176795110384778,0.0003431181154533301,0.0,-0.00017456139558514764
oswar001,0.0002116062234901806,3.5494977460689316e-05,0.0,-0.00017611124602949128
dickr001,0.0003419707718903813,0.00016564322814988344,0.0,-0.00017632754374049785
parej002,0.0005554663366617243,0.0003786130929140195,0.0,-0.00017685324374770484
lagaj001,0.0005913638210038086,0.0004141080703747088,0.0,-0.0001772557506290998
greiz001,0.0002720651444873751,9.465327322850482e-05,0.0,-0.00017741187125887032
kelld001,0.001301756142720844,0.001124007619588495,0.0,-0.000177748523132349
castl001,0.00039109364520060184,0.00021296986476413584,0.0,-0.000178123780436466
amara001,0.001065588482575553,0.0008873744365172338,0.0,-0.00017821404605831916
deaza001,0.0018591118206637313,0.0016800955998059598,0.0,-0.00017901622085777147
branr002,0.0004987860982268546,0.0003194547971462039,0.0,-0.00017933130108065067
mercj002,0.0005819171145979969,0.0004022764112211458,0.0,-0.00017964070337685113
corrk001,0.00028717987473667376,0.00010648493238206793,0.0,-0.00018069494235460582
gregd001,0.0005479089715370751,0.0003667814337604564,0.0,-0.0001811275377766187
sweer001,0.0014000018893412852,0.0012186608928170006,0.0,-0.00018134099652428464
garzm001,0.00021727424733366756,3.5494977460689316e-05,0.0,-0.00018177926987297826
hayeb001,0.0005139008284761531,0.00033128645629976704,0.0,-0.00018261437217638606
schnb001,0.0005497983128182373,0.00036678143376045637,0.0,-0.00018301687905778098
norrb001,0.0003136306526729463,0.00013014825068919414,0.0,-0.00018348240198375217
jacke001,0.00031363065267294636,0.00013014825068919414,0.0,-0.00018348240198375222
martm003,0.0005875851384414839,0.00040227641122114575,0.0,-0.00018530872722033817
baxtm001,0.0005290155587254518,0.0003431181154533301,0.0,-0.00018589744327212173
billc001,0.00029473723986132307,0.00010648493238206793,0.0,-0.00018825230747925514
wilsb002,0.0006404866943140291,0.00044960304783539816,0.0,-0.00019088364647863097
carpc002,0.000311741311391784,0.00011831659153563104,0.0,-0.00019342471985615294
wolfr001,0.00031174131139178403,0.00011831659153563104,0.0,-0.000193424719856153
pie-f001,0.00071417100427936,0.000520593002756777,0.0,-0.00019357800152258297
volsc001,0.00024183568398877787,4.732663661425242e-05,0.0,-0.00019450904737452546
voger001,0.00026639712064388814,7.098995492137862e-05,0.0,-0.00019540716572250954
zimmj003,0.0003155199939541087,0.00011831659153563102,0.0,-0.00019720340241847768
lopef001,0.0008029700444939894,0.0006034146168317187,0.0,-0.00019955542766227075
tejam001,0.0016437269146112256,0.0014434624167346973,0.0,-0.00020026449787652833
escoe001,0.00044966322491663403,0.00024846484222482514,0.0,-0.0002011983826918089
lillt001,0.0002607290968004011,5.9158295767815524e-05,0.0,-0.00020157080103258557
hudst001,0.00043832717722966006,0.00023663318307126204,0.0,-0.00020169399415839801
coraa001,0.0005214581936008024,0.00031945479714620386,0.0,-0.00020200339645459856
nievw001,0.0007462898060591195,0.0005442563210639031,0.0,-0.00020203348499521641
blanj001,0.0002493930491134271,4.732663661425242e-05,0.0,-0.00020206641249917472
waina001,0.0004269911295426861,0.00022480152391769894,0.0,-0.00020218960562498714
villj001,0.0003344134067657319,0.00013014825068919414,0.0,-0.00020426515607653779
myerb001,0.00022861029502064154,2.366331830712621e-05,0.0,-0.00020494697671351534
johnr008,0.0011751702768829683,0.0009701960505921756,0.0,-0.00020497422629079266
gonzg003,0.00026639712064388814,5.915829576781552e-05,0.0,-0.0002072388248760726
lynnl001,0.0002437250252699402,3.5494977460689316e-05,0.0,-0.00020823004780925087
nix-j001,0.001415116619590584,0.0012068292336634367,0.0,-0.00020828738592714737
mcdoj004,0.00025695041423807644,4.732663661425242e-05,0.0,-0.00020962377762382404
kotsm001,0.0012998668014396818,0.0010885126421278063,0.0,-0.0002113541593118755
rhymw001,0.0005781384320356723,0.00036678143376045637,0.0,-0.0002113569982752159
polla001,0.000759515195027256,0.0005442563210639029,0.0,-0.00021525887396335304
minom001,0.00028717987473667376,7.098995492137863e-05,0.0,-0.00021618991981529512
harrj002,0.0008199741160244504,0.0006034146168317189,0.0,-0.0002165594991927315
woodb003,0.0007727405839953921,0.0005560879802174661,0.0,-0.000216652603777926
frank001,0.0008804330370216449,0.0006625729125995344,0.0,-0.00021786012442211048
solad001,0.0009522280057058134,0.0007335628675209133,0.0,-0.0002186651381849001
mortc002,0.0002550610729569141,3.5494977460689316e-05,0.0,-0.00021956609549622478
bakej002,0.0005063434633515038,0.0002839598196855145,0.0,-0.0002223836436659893
dirka001,0.0014680181754631292,0.0012423242111241262,0.0,-0.00022569396433900308
bumgm001,0.0004269911295426861,0.00020113820561057274,0.0,-0.00022585292393211334
hairj002,0.0018610011619448934,0.0016327689631917067,0.0,-0.00022823219875318674
borbj001,0.0009295559103318655,0.0006980678900602239,0.0,-0.00023148802027164164
bartd001,0.0015341451203038107,0.0013014825068919417,0.0,-0.00023266261341186906
niesj001,0.00035141747829619293,0.00011831659153563105,0.0,-0.00023310088676056187
keara001,0.001122268721010423,0.0008873744365172337,0.0,-0.00023489428449318935
florj002,0.0005781384320356723,0.00034311811545333006,0.0,-0.00023502031658234222
zitob001,0.0003306347242034073,9.465327322850482e-05,0.0,-0.0002359814509749025
kuroh001,0.0002493930491134272,1.1831659153563104e-05,0.0,-0.00023756138995986408
rodrw002,0.00037975759751362787,0.00014197990984275724,0.0,-0.00023777768767087063
dempr002,0.00030040526370481006,5.915829576781552e-05,0.0,-0.00024124696793699453
sanca004,0.00029284789858016074,4.732663661425242e-05,0.0,-0.00024552126196590834
gonza005,0.0008388675288360736,0.0005915829576781556,0.0,-0.000247284571157918
haraa001,0.0003079626288294594,5.915829576781552e-05,0.0,-0.00024880433306164384
rowaa001,0.0009956828551725468,0.0007453945266744763,0.0,-0.00025028832849807053
capuc001,0.0003098519701106217,5.915829576781552e-05,0.0,-0.00025069367434280617
bailh001,0.00038164693879479014,0.00013014825068919414,0.0,-0.000251498688105596
nolar001,0.0004175444231368744,0.00016564322814988344,0.0,-0.000251901194986991
burre001,0.00044210585979198466,0.00018930654645700964,0.0,-0.000252799313334975
quinh001,0.0012053997373815653,0.0009465327322850496,0.0,-0.00025886700509651574
thomc002,0.00048367136797755595,0.00022480152391769894,0.0,-0.000258869844059857
mccom001,0.0005101221459138284,0.00024846484222482514,0.0,-0.0002616573036890033
crawb001,0.001741972661231667,0.001478957394195387,0.0,-0.00026301526703627993
iglej001,0.0006669374722503017,0.00040227641122114575,0.0,-0.000264661061029156
leakm001,0.00038353628007595247,0.00011831659153563102,0.0,-0.00026521968854032146
lohsk001,0.00044399520107314704,0.00017747488730344654,0.0,-0.0002665203137697005
ecksd001,0.0006593801071256524,0.00039044475206758257,0.0,-0.00026893535505806985
hanst001,0.00031740933523527096,4.732663661425242e-05,0.0,-0.00027008269862101856
cabro001,0.0014302313498398824,0.0011595025970491848,0.0,-0.00027072875279069764
valbl001,0.0014188953021529085,0.0011476709378956214,0.0,-0.0002712243642572871
kenna001,0.0013603257224368763,0.0010885126421278063,0.0,-0.00027181308030907003
kersc001,0.0005346835825689387,0.00026029650137838827,0.0,-0.00027438708119055044
markn001,0.003351691432781971,0.0030762313799264102,0.0,-0.0002754600528555606
kenni001,0.0004307698121050107,0.00015381156899632034,0.0,-0.00027695824310869035
hallr001,0.00045533124876012096,0.00017747488730344654,0.0,-0.0002778563614566744
bourj001,0.0006348186704705423,0.00035494977460689324,0.0,-0.000279868895863649
laroa002,0.0005422409476935881,0.00026029650137838827,0.0,-0.00028194444631519987
kendk001,0.00031929867651643335,3.5494977460689316e-05,0.0,-0.000283803699055744
crowt001,0.000961674712111625,0.0006744045717530976,0.0,-0.0002872701403585274
rodrs002,0.0019252387655044126,0.0016327689631917067,0.0,-0.0002924698023127059
hecha001,0.0010391377046392806,0.0007453945266744763,0.0,-0.0002937431779648043
lemad001,0.001007018902859521,0.0007098995492137869,0.0,-0.0002971193536457341
jennd002,0.0019422428370348735,0.0016446006223452693,0.0,-0.0002976422146896043
cainm001,0.0005120114871949909,0.00021296986476413584,0.0,-0.000299041622430855
buted001,0.0008331995049925867,0.0005324246619103401,0.0,-0.00030077484308224656
hamec001,0.0004798926854152313,0.00017747488730344654,0.0,-0.00030241779811178475
casia001,0.0013395429683440909,0.001029354346359991,0.0,-0.00031018862198409995
latom001,0.00047611400285290663,0.00016564322814988344,0.0,-0.00031047077470302317
weekr001,0.003036171438827862,0.0027212816053195127,0.0,-0.0003148898335083492
mahop002,0.00040998705801222507,9.465327322850482e-05,0.0,-0.00031533378478372027
cuetj001,0.0003835362800759525,5.915829576781552e-05,0.0,-0.000324377984308137
furcr001,0.0018326610427274587,0.001502620712502513,0.0,-0.0003300403302249457
quino001,0.0007935233380881779,0.00046143470698896123,0.0,-0.00033208863109921664
ramia003,0.003565186997553314,0.003230042948922733,0.0,-0.0003351440486305808
bernr001,0.0017589767327621279,0.0014197990984275708,0.0,-0.00033917763433455707
arrob001,0.0005006754395080168,0.00015381156899632034,0.0,-0.00034686387051169646
torry001,0.0016493949384547126,0.001301482506891941,0.0,-0.00034791243156277155
peteb001,0.0007273963932474963,0.00037861309291401944,0.0,-0.0003487833003334768
hillk002,0.0007217283694040093,0.00035494977460689324,0.0,-0.000366778594797116
campt001,0.0005233475348819649,0.00015381156899632034,0.0,-0.0003695359658856445
marsl001,0.001105264649479962,0.0007335628675209134,0.0,-0.0003717017819590485
lombs002,0.001025912315671144,0.0006507412534459714,0.0,-0.0003751710622251727
linct001,0.0004987860982268546,0.00011831659153563104,0.0,-0.0003804695066912235
hudso001,0.0017533087089186409,0.0013724724618133194,0.0,-0.0003808362471053215
jay-j001,0.0027282088099984023,0.0023426685124054935,0.0,-0.00038554029759290884
espid001,0.0021954145687106256,0.0017865805321880272,0.0,-0.0004088340365225984
puntn001,0.0013622150637180386,0.0009347010731314863,0.0,-0.00042751399058655226
aokin001,0.0015398131441472977,0.0011003443012813697,0.0,-0.00043946884286592803
gordd002,0.0008898797434274566,0.0004259397295282719,0.0,-0.00046394001389918473
blang001,0.001656952303579362,0.0011831659153563108,0.0,-0.00047378638822305106
maybc001,0.0019894763690639318,0.001514452371656076,0.0,-0.0004750239974078557
vizqo001,0.001029690998233469,0.0005442563210639032,0.0,-0.00048543467716956573
gardb001,0.0023144430694238523,0.0018220755096487158,0.0,-0.0004923675597751365
davir003,0.0023560085776094235,0.0018457388279558417,0.0,-0.0005102697496535819
reyej001,0.0029247003032392845,0.002413658467326873,0.0,-0.0005110418359124116
iztum001,0.001957357567284172,0.0014316307575811345,0.0,-0.0005257268097030377
gwynt002,0.0012923094363150324,0.0007572261858280395,0.0,-0.0005350832504869929
ceder002,0.001961136249846497,0.0014197990984275714,0.0,-0.0005413371514189254
santr002,0.0016475055971735503,0.0010885126421278058,0.0,-0.0005589929550457444
torra001,0.0023106643868615277,0.0017392538955737745,0.0,-0.0005714104912877532
iztuc001,0.0012356291978801626,0.0006625729125995344,0.0,-0.0005730562852806282
weekj001,0.0012639693170975975,0.0006862362309066609,0.0,-0.0005777330861909366
parrg001,0.002635631087221448,0.0019877187377985994,0.0,-0.0006479123494228488
therr001,0.0020801647505597235,0.0014316307575811351,0.0,-0.0006485339929785884
tabaj002,0.002008369781875555,0.0012778191885848156,0.0,-0.0007305505932907394
escoy001,0.003151421256978764,0.0024136584673268725,0.0,-0.0007377627896518915
mclon001,0.0020121484644378797,0.0012304925519705625,0.0,-0.0007816559124673172
spand001,0.002928478985801609,0.002117866988487792,0.0,-0.0008106119973138172
barnd001,0.0024939304911342735,0.001668263940652395,0.0,-0.0008256665504818785
andre001,0.0038108013641044167,0.002981578106697905,0.0,-0.0008292232574065115
ryanb002,0.0025052665388212475,0.0016682639406523949,0.0,-0.0008370025981688527
bourm001,0.0033082365833152372,0.0024373217856339994,0.0,-0.0008709147976812379
escoa003,0.003387588917124055,0.00240182680817331,0.0,-0.000985762108950745
carrj001,0.0021935252274294633,0.0011476709378956214,0.0,-0.001045854289533842
pierj002,0.0028906921601783626,0.001656432281498832,0.0,-0.0012342598786795305
